lunar file index, lat_long,azimuth,elevation,earth_azimuth,earth_elevation
1091835 ,( -89.01467903765725 47.93011789610158 ), -56.49473002933771 , 2.6092057362281666 , -54.85570989695467 , 6.899109838917924
1091836 ,( -89.01556234090675 47.98710840547855 ), -56.51109679662182 , 2.5877996118346767 , -54.85570989695467 , 6.899109838917924
1091837 ,( -89.01644466859669 48.04420122653253 ), -56.52777617412686 , 2.5796387899079996 , -54.85570989695467 , 6.899109838917924
1091838 ,( -89.01732601809833 48.10139652133831 ), -56.54477720412248 , 2.578207326144533 , -54.85570989695467 , 6.899109838917924
1091839 ,( -89.01820638677637 48.1586944517361 ), -56.56210928083571 , 2.5837019091257005 , -54.85570989695467 , 6.899109838917924
1091840 ,( -89.01908577198904 48.21609517932632 ), -56.579782167828505 , 2.5963267170381803 , -54.85570989695467 , 6.899109838917924
1091841 ,( -89.019964171088 48.27359886546437 ), -56.59780601627161 , 2.594978270637531 , -54.85570989695467 , 6.899109838917924
1091842 ,( -89.02084158141841 48.33120567125532 ), -56.61619138436633 , 2.5792358591962627 , -54.85570989695467 , 6.899109838917924
1091843 ,( -89.0217180003189 48.38891575754867 ), -56.63494925798441 , 2.555910512042656 , -54.85570989695467 , 6.899109838917924
1091844 ,( -89.02259342512153 48.44672928493291 ), -56.65409107247994 , 2.5540652885992094 , -54.85570989695467 , 6.899109838917924
1091845 ,( -89.02346785315189 48.50464641373023 ), -56.673628735959575 , 2.5669673728598386 , -54.85570989695467 , 6.899109838917924
1091846 ,( -89.02434128172898 48.56266730399099 ), -56.69357465391948 , 2.5950782160184107 , -54.85570989695467 , 6.899109838917924
1091847 ,( -89.0252137081653 48.62079211548835 ), -56.71394175550141 , 2.593545516416521 , -54.85570989695467 , 6.899109838917924
1091848 ,( -89.02608512976676 48.67902100771267 ), -56.73474352138377 , 2.5843292857128484 , -54.85570989695467 , 6.899109838917924
1091849 ,( -89.02695554383277 48.73735413986606 ), -56.755994013524685 , 2.582618269827724 , -54.85570989695467 , 6.899109838917924
1091850 ,( -89.02782494765621 48.79579167085671 ), -56.77770790679291 , 2.5808551335851915 , -54.85570989695467 , 6.899109838917924
1091851 ,( -89.02869333852337 48.85433375929331 ), -56.79990052274428 , 2.57114898428023 , -54.85570989695467 , 6.899109838917924
1091852 ,( -89.02956071371402 48.9129805634794 ), -56.82258786559132 , 2.561211076757548 , -54.85570989695467 , 6.899109838917924
1091853 ,( -89.03042707050139 48.97173224140765 ), -56.8457866606648 , 2.5348985665718438 , -54.85570989695467 , 6.899109838917924
1093112 ,( -89.01369949760526 47.98146121998219 ), -55.95752786014076 , 2.629983050674703 , -54.85570989695467 , 6.899109838917924
1093113 ,( -89.0145819226469 48.03844105282069 ), -55.968813524215065 , 2.5884631090716756 , -54.85570989695467 , 6.899109838917924
1093114 ,( -89.01546337152665 48.09552297453126 ), -55.98031482881897 , 2.566641303368811 , -54.85570989695467 , 6.899109838917924
1093115 ,( -89.01634384161937 48.15270714610561 ), -55.99203801547704 , 2.5512865483971976 , -54.85570989695467 , 6.899109838917924
1093116 ,( -89.01722333029345 48.20999372829795 ), -56.00398956894183 , 2.563495916085089 , -54.85570989695467 , 6.899109838917924
1093117 ,( -89.01810183491075 48.26738288161971 ), -56.01617622906822 , 2.5688947035091885 , -54.85570989695467 , 6.899109838917924
1093118 ,( -89.0189793528267 48.32487476633445 ), -56.028605003558546 , 2.581494906679074 , -54.85570989695467 , 6.899109838917924
1093119 ,( -89.0198558813902 48.38246954245245 ), -56.0412831813352 , 2.558440573841154 , -54.85570989695467 , 6.899109838917924
1093120 ,( -89.02073141794364 48.44016736972556 ), -56.054218346836834 , 2.527652139627134 , -54.85570989695467 , 6.899109838917924
1093121 ,( -89.02160595982294 48.49796840764172 ), -56.06741839511583 , 2.510871082432502 , -54.85570989695467 , 6.899109838917924
1093122 ,( -89.02247950435748 48.55587281541971 ), -56.08089154789657 , 2.5381428150822933 , -54.85570989695467 , 6.899109838917924
1093123 ,( -89.0233520488702 48.61388075200365 ), -56.09464637070092 , 2.573448942506495 , -54.85570989695467 , 6.899109838917924
1093124 ,( -89.02422359067748 48.67199237605757 ), -56.108691790916836 , 2.5868115360212833 , -54.85570989695467 , 6.899109838917924
1093125 ,( -89.0250941270892 48.73020784595997 ), -56.123037117170696 , 2.5851676950761053 , -54.85570989695467 , 6.899109838917924
1093126 ,( -89.02596365540879 48.78852731979823 ), -56.13769205989349 , 2.583473913931947 , -54.85570989695467 , 6.899109838917924
1093127 ,( -89.02683217293308 48.84695095536303 ), -56.15266675319047 , 2.5583114555551054 , -54.85570989695467 , 6.899109838917924
1093128 ,( -89.02769967695247 48.90547891014283 ), -56.16797177824177 , 2.5562543210159356 , -54.85570989695467 , 6.899109838917924
1093129 ,( -89.02856616475079 48.96411134131812 ), -56.18361818819244 , 2.5381759347846073 , -54.85570989695467 , 6.899109838917924
1093130 ,( -89.0294316336054 49.02284840575579 ), -56.199617534797305 , 2.48739070978193 , -54.85570989695467 , 6.899109838917924
1093131 ,( -89.03029608078714 49.08169026000343 ), -56.21598189680193 , 2.4517541698351644 , -54.85570989695467 , 6.899109838917924
1093132 ,( -89.03115950356032 49.14063706028347 ), -56.23272391037982 , 2.4317936926021484 , -54.85570989695467 , 6.899109838917924
1093133 ,( -89.03202189918275 49.19968896248751 ), -56.24985680162055 , 2.4029958789080856 , -54.85570989695467 , 6.899109838917924
1093134 ,( -89.03288326490573 49.25884612217035 ), -56.267394421380395 , 2.3650462979520115 , -54.85570989695467 , 6.899109838917924
1093135 ,( -89.03374359797407 49.31810869454418 ), -56.28535128260823 , 2.300503338316599 , -54.85570989695467 , 6.899109838917924
1093136 ,( -89.03460289562601 49.37747683447263 ), -56.30374260032904 , 2.269016265529476 , -54.85570989695467 , 6.899109838917924
1093137 ,( -89.03546115509332 49.43695069646483 ), -56.322584334660654 , 2.219206738736202 , -54.85570989695467 , 6.899109838917924
1093138 ,( -89.03631837360126 49.49653043466938 ), -56.34189323695047 , 2.1503892237031335 , -54.85570989695467 , 6.899109838917924
1093139 ,( -89.03717454836857 49.55621620286833 ), -56.36168689941915 , 2.088808275661581 , -54.85570989695467 , 6.899109838917924
1093140 ,( -89.03802967660748 49.61600815447105 ), -56.38198380857367 , 2.0438455735662284 , -54.85570989695467 , 6.899109838917924
1093141 ,( -89.03888375552373 49.67590644250819 ), -56.402803402759 , 1.9977045684512467 , -54.85570989695467 , 6.899109838917924
1093142 ,( -89.03973678231652 49.73591121962542 ), -56.42416613418213 , 1.9596810194809984 , -54.85570989695467 , 6.899109838917924
1093143 ,( -89.0405887541786 49.7960226380773 ), -56.44609353587231 , 1.9111665773022193 , -54.85570989695467 , 6.899109838917924
1093144 ,( -89.04143966829618 49.856240849721 ), -56.46860829404738 , 1.8517378295035138 , -54.85570989695467 , 6.899109838917924
1093145 ,( -89.04228952184894 49.91656600601002 ), -56.49173432625541 , 1.7906725061980941 , -54.85570989695467 , 6.899109838917924
1093146 ,( -89.04313831201016 49.97699825798785 ), -56.51549686613 , 1.7574794139142773 , -54.85570989695467 , 6.899109838917924
1093147 ,( -89.04398603594652 50.03753775628165 ), -56.53992255508228 , 1.7133430075737266 , -54.85570989695467 , 6.899109838917924
1093148 ,( -89.04483269081825 50.09818465109577 ), -56.56503954185619 , 1.6679358499897279 , -54.85570989695467 , 6.899109838917924
1093149 ,( -89.04567827377913 50.15893909220537 ), -56.5908775906421 , 1.5800630679025482 , -54.85570989695467 , 6.899109838917924
1093150 ,( -89.0465227819764 50.21980122894987 ), -56.617468198581186 , 1.5522165741100398 , -54.85570989695467 , 6.899109838917924
1093151 ,( -89.04736621255084 50.28077121022648 ), -56.64484472368338 , 1.534116019644533 , -54.85570989695467 , 6.899109838917924
1093152 ,( -89.04820856263673 50.34184918448357 ), -56.67304252432162 , 1.493953829598177 , -54.85570989695467 , 6.899109838917924
1093153 ,( -89.0490498293619 50.4030352997141 ), -56.70209911136867 , 1.4307193312894932 , -54.85570989695467 , 6.899109838917924
1093154 ,( -89.0498900098477 50.46432970344893 ), -56.73205431443677 , 1.3211715445962229 , -54.85570989695467 , 6.899109838917924
1093155 ,( -89.05072910120903 50.52573254275015 ), -56.76295046386462 , 1.2194085092065552 , -54.85570989695467 , 6.899109838917924
1093156 ,( -89.05156710055428 50.58724396420434 ), -56.79483258988494 , 1.1143672399277385 , -54.85570989695467 , 6.899109838917924
1093157 ,( -89.05240400498543 50.64886411391578 ), -56.82774864139808 , 1.017514009702614 , -54.85570989695467 , 6.899109838917924
1094389 ,( -89.01271916729625 48.03270261617697 ), -55.42011609693044 , 2.6572319560695727 , -54.85570989695467 , 6.899109838917924
1094390 ,( -89.01360071516847 48.08967161125204 ), -55.42631464992816 , 2.6024262197232964 , -54.85570989695467 , 6.899109838917924
1094391 ,( -89.01448128628184 48.14674247262661 ), -55.43263164194859 , 2.5602284683724634 , -54.85570989695467 , 6.899109838917924
1094392 ,( -89.01536087801489 48.20391536021448 ), -55.439070502547615 , 2.531006751411009 , -54.85570989695467 , 6.899109838917924
1094393 ,( -89.01623948773965 48.26119043368902 ), -55.44563479498891 , 2.5430248232616495 , -54.85570989695467 , 6.899109838917924
1094394 ,( -89.01711711282171 48.31856785247793 ), -55.45232822280768 , 2.5552662363188854 , -54.85570989695467 , 6.899109838917924
1094395 ,( -89.01799375062018 48.37604777575816 ), -55.45915463678174 , 2.5606288713351133 , -54.85570989695467 , 6.899109838917924
1094396 ,( -89.01886939848774 48.43363036245051 ), -55.466118042328084 , 2.5517254135613077 , -54.85570989695467 , 6.899109838917924
1094397 ,( -89.01974405377058 48.49131577121452 ), -55.47322260734267 , 2.5208676058517767 , -54.85570989695467 , 6.899109838917924
1094398 ,( -89.02061771380842 48.54910416044294 ), -55.48047267049544 , 2.511346415552326 , -54.85570989695467 , 6.899109838917924
1094399 ,( -89.02149037593456 48.60699568825656 ), -55.48787275011917 , 2.538632792414822 , -54.85570989695467 , 6.899109838917924
1094400 ,( -89.02236203747577 48.6649905124987 ), -55.49542755356658 , 2.5589943455285558 , -54.85570989695467 , 6.899109838917924
1094401 ,( -89.0232326957524 48.7230887907298 ), -55.503141987213056 , 2.572212150524447 , -54.85570989695467 , 6.899109838917924
1094402 ,( -89.02410234807827 48.78129068022199 ), -55.51102116708138 , 2.555136215896563 , -54.85570989695467 , 6.899109838917924
1094403 ,( -89.0249709917608 48.83959633795347 ), -55.51907043015281 , 2.537676586549894 , -54.85570989695467 , 6.899109838917924
1094404 ,( -89.02583862410086 48.89800592060307 ), -55.52729534645205 , 2.527628567148126 , -54.85570989695467 , 6.899109838917924
1094405 ,( -89.0267052423929 48.95651958454459 ), -55.535701731874916 , 2.5173438876825456 , -54.85570989695467 , 6.899109838917924
1094406 ,( -89.02757084392485 49.01513748584122 ), -55.54429566192031 , 2.5068146177390687 , -54.85570989695467 , 6.899109838917924
1094407 ,( -89.02843542597823 49.0738597802398 ), -55.553083486365914 , 2.4475946346763386 , -54.85570989695467 , 6.899109838917924
1094408 ,( -89.029298985828 49.1326866231652 ), -55.56207184483881 , 2.4114997655672568 , -54.85570989695467 , 6.899109838917924
1094409 ,( -89.03016152074272 49.19161816971448 ), -55.57126768364437 , 2.3910749405466474 , -54.85570989695467 , 6.899109838917924
1094410 ,( -89.03102302798442 49.2506545746512 ), -55.58067827360652 , 2.353441942069826 , -54.85570989695467 , 6.899109838917924
1094411 ,( -89.03188350480866 49.30979599239951 ), -55.590311229282655 , 2.3064444544175413 , -54.85570989695467 , 6.899109838917924
1094412 ,( -89.03274294846454 49.36904257703835 ), -55.600174529492115 , 2.2668618176884148 , -54.85570989695467 , 6.899109838917924
1094413 ,( -89.0336013561947 49.4283944822955 ), -55.61027653937546 , 2.234964836422071 , -54.85570989695467 , 6.899109838917924
1094414 ,( -89.03445872523523 49.48785186154166 ), -55.620626034033656 , 2.1759603359560105 , -54.85570989695467 , 6.899109838917924
1094415 ,( -89.03531505281583 49.54741486778447 ), -55.63123222400571 , 2.0977118435394524 , -54.85570989695467 , 6.899109838917924
1094416 ,( -89.0361703361597 49.60708365366245 ), -55.64210478257575 , 2.044446618544398 , -54.85570989695467 , 6.899109838917924
1094417 ,( -89.03702457248355 49.666858371439 ), -55.653253875188966 , 2.008017887351743 , -54.85570989695467 , 6.899109838917924
1094418 ,( -89.03787775899761 49.72673917299622 ), -55.66469019118187 , 1.9706313260238109 , -54.85570989695467 , 6.899109838917924
1094419 ,( -89.0387298929057 49.78672620982885 ), -55.67642497797804 , 1.950938999554039 , -54.85570989695467 , 6.899109838917924
1094420 ,( -89.03958097140512 49.84681963303801 ), -55.68847007792595 , 1.911770302401612 , -54.85570989695467 , 6.899109838917924
1094421 ,( -89.0404309916867 49.90701959332503 ), -55.700837968243405 , 1.852339138942617 , -54.85570989695467 , 6.899109838917924
1094422 ,( -89.04127995093485 49.96732624098518 ), -55.71354180408166 , 1.810725261391096 , -54.85570989695467 , 6.899109838917924
1094423 ,( -89.0421278463275 50.02773972590132 ), -55.72659546519711 , 1.7580827913553003 , -54.85570989695467 , 6.899109838917924
1094424 ,( -89.04297467503609 50.08826019753761 ), -55.74001360655123 , 1.703948025242092 , -54.85570989695467 , 6.899109838917924
1094425 ,( -89.04382043422567 50.1488878049331 ), -55.753811713208044 , 1.627972430124831 , -54.85570989695467 , 6.899109838917924
1094426 ,( -89.04466512105478 50.20962269669531 ), -55.76800615990806 , 1.5600773908327543 , -54.85570989695467 , 6.899109838917924
1094427 ,( -89.04550873267554 50.27046502099375 ), -55.782614275910234 , 1.5214976702695615 , -54.85570989695467 , 6.899109838917924
1094428 ,( -89.04635126623361 50.33141492555347 ), -55.797654415549204 , 1.5029438277140141 , -54.85570989695467 , 6.899109838917924
1094429 ,( -89.04719271886825 50.39247255764842 ), -55.81314603517918 , 1.4623055880160853 , -54.85570989695467 , 6.899109838917924
1094430 ,( -89.04803308771221 50.45363806409492 ), -55.829109777122234 , 1.3330596269757595 , -54.85570989695467 , 6.899109838917924
1094431 ,( -89.04887236989188 50.51491159124505 ), -55.84556756142539 , 1.2330434013192968 , -54.85570989695467 , 6.899109838917924
1094432 ,( -89.04971056252717 50.57629328497991 ), -55.86254268623904 , 1.1636443950871083 , -54.85570989695467 , 6.899109838917924
1094433 ,( -89.05054766273159 50.63778329070299 ), -55.88005993787544 , 1.092003313612888 , -54.85570989695467 , 6.899109838917924
1094434 ,( -89.05138366761223 50.69938175333335 ), -55.898145711508185 , 1.0063804492201762 , -54.85570989695467 , 6.899109838917924
1094435 ,( -89.05221857426976 50.76108881729888 ), -55.9168281438557 , 0.9888427836774539 , -54.85570989695467 , 6.899109838917924
1094436 ,( -89.05305237979844 50.82290462652941 ), -55.936137259223884 , 0.9466516888111196 , -54.85570989695467 , 6.899109838917924
1094437 ,( -89.05388508128614 50.88482932444991 ), -55.95610513040694 , 0.8785432426047827 , -54.85570989695467 , 6.899109838917924
1094438 ,( -89.05471667581432 50.9468630539735 ), -55.976766056464875 , 0.84536313019794 , -54.85570989695467 , 6.899109838917924
1094439 ,( -89.05554716045805 51.00900595749452 ), -55.99815675927175 , 0.8363053713843123 , -54.85570989695467 , 6.899109838917924
1094440 ,( -89.056376532286 51.07125817688156 ), -56.02031660117753 , 0.8526717038166568 , -54.85570989695467 , 6.899109838917924
1094441 ,( -89.05720478836048 51.13361985347039 ), -56.04328782671259 , 0.8827355572694427 , -54.85570989695467 , 6.899109838917924
1094442 ,( -89.05803192573744 51.19609112805685 ), -56.06711583126171 , 0.9138956609307606 , -54.85570989695467 , 6.899109838917924
1094443 ,( -89.05885794146644 51.2586721408898 ), -56.091849460297446 , 0.9053513279494231 , -54.85570989695467 , 6.899109838917924
1094444 ,( -89.0596828325907 51.32136303166391 ), -56.11754134347597 , 0.8964500998654913 , -54.85570989695467 , 6.899109838917924
1094445 ,( -89.06050659614704 51.38416393951245 ), -56.14424826823532 , 0.7738902852714203 , -54.85570989695467 , 6.899109838917924
1094446 ,( -89.06132922916602 51.44707500300008 ), -56.172031598617465 , 0.6174611653855459 , -54.85570989695467 , 6.899109838917924
1094447 ,( -89.06215072867178 51.5100963601155 ), -56.20095774560442 , 0.39557781338418274 , -54.85570989695467 , 6.899109838917924
1094448 ,( -89.06297109168221 51.57322814826422 ), -56.23109869689776 , 0.11916503073903761 , -54.85570989695467 , 6.899109838917924
1094449 ,( -89.06379031520882 51.63647050426106 ), -56.26253261452521 , -0.10762858428965244 , -54.85570989695467 , 6.899109838917924
1094450 ,( -89.06460839625684 51.69982356432286 ), -56.29534451131039 , -0.1715188404489516 , -54.85570989695467 , 6.899109838917924
1094451 ,( -89.0654253318252 51.76328746406095 ), -56.329627017983114 , -0.10975682008851186 , -54.85570989695467 , 6.899109838917924
1094452 ,( -89.0662411189065 51.8268623384737 ), -56.36548125577934 , 0.004116854892330722 , -54.85570989695467 , 6.899109838917924
1094453 ,( -89.06705575448713 51.89054832193893 ), -56.4030178318834 , 0.24105664992533377 , -54.85570989695467 , 6.899109838917924
1094454 ,( -89.06786923554714 51.95434554820643 ), -56.44235797801935 , 0.47211456129864415 , -54.85570989695467 , 6.899109838917924
1094455 ,( -89.06868155906032 52.01825415039021 ), -56.48363485717434 , 0.6792026662162758 , -54.85570989695467 , 6.899109838917924
1094456 ,( -89.06949272199427 52.08227426096096 ), -56.52699506803936 , 0.8966898461627334 , -54.85570989695467 , 6.899109838917924
1094457 ,( -89.07030272131027 52.14640601173829 ), -56.57260038263685 , 1.0511463976731108 , -54.85570989695467 , 6.899109838917924
1094458 ,( -89.07111155396342 52.21064953388299 ), -56.62062976101264 , 1.1185138459469397 , -54.85570989695467 , 6.899109838917924
1094459 ,( -89.07191921690257 52.27500495788925 ), -56.67128169531687 , 1.1308110624638446 , -54.85570989695467 , 6.899109838917924
1094460 ,( -89.0727257070704 52.33947241357688 ), -56.72477694826037 , 1.123641228196153 , -54.85570989695467 , 6.899109838917924
1094461 ,( -89.07353102140335 52.40405203008335 ), -56.78136176526829 , 1.1367184708263598 , -54.85570989695467 , 6.899109838917924
1094462 ,( -89.07433515683168 52.46874393585599 ), -56.84131165898178 , 1.0865844816038275 , -54.85570989695467 , 6.899109838917924
1095666 ,( -89.01173804908305 48.08384230618299 ), -54.882589217047574 , 2.670824163753856 , -54.85570989695467 , 6.899109838917924
1095667 ,( -89.01261872082534 48.14080030334466 ), -54.88369735786787 , 2.6093745314031014 , -54.85570989695467 , 6.899109838917924
1095668 ,( -89.01349841521726 48.19785994446858 ), -54.88482660876589 , 2.5740798063410213 , -54.85570989695467 , 6.899109838917924
1095669 ,( -89.01437712964093 48.25502138839577 ), -54.88597758113354 , 2.510473443839927 , -54.85570989695467 , 6.899109838917924
1095670 ,( -89.01525486147209 48.31228479372389 ), -54.887150910180694 , 2.5153230354742866 , -54.85570989695467 , 6.899109838917924
1095671 ,( -89.01613160808 48.36965031880217 ), -54.88834725614131 , 2.5272948167548823 , -54.85570989695467 , 6.899109838917924
1095672 ,( -89.01700736682754 48.42711812172617 ), -54.88956730550498 , 2.539491309750839 , -54.85570989695467 , 6.899109838917924
1095673 ,( -89.01788213507112 48.48468836033252 ), -54.890811772315914 , 2.523195312757384 , -54.85570989695467 , 6.899109838917924
1095674 ,( -89.01875591016076 48.5423611921937 ), -54.89208139961268 , 2.521063051552508 , -54.85570989695467 , 6.899109838917924
1095675 ,( -89.01962868944004 48.60013677461272 ), -54.89337696089735 , 2.5115450695743107 , -54.85570989695467 , 6.899109838917924
1095676 ,( -89.02050047024606 48.65801526461775 ), -54.89469926166598 , 2.5314334547325363 , -54.85570989695467 , 6.899109838917924
1095677 ,( -89.02137124990955 48.71599681895673 ), -54.89604914116091 , 2.5442421407187457 , -54.85570989695467 , 6.899109838917924
1095678 ,( -89.02224102575475 48.774081594092 ), -54.89742747409799 , 2.534625764791416 , -54.85570989695467 , 6.899109838917924
1095679 ,( -89.0231097950995 48.83226974619479 ), -54.89883517259367 , 2.5247895602242707 , -54.85570989695467 , 6.899109838917924
1095680 ,( -89.02397755525517 48.89056143113976 ), -54.90027318813921 , 2.4992775867450145 , -54.85570989695467 , 6.899109838917924
1095681 ,( -89.0248443035267 48.9489568044994 ), -54.901742513820146 , 2.481002019142012 , -54.85570989695467 , 6.899109838917924
1095682 ,( -89.02571003721262 49.00745602153854 ), -54.90324418655623 , 2.4623077405286096 , -54.85570989695467 , 6.899109838917924
1095683 ,( -89.02657475360496 49.06605923720869 ), -54.90477928956689 , 2.435196733481471 , -54.85570989695467 , 6.899109838917924
1095684 ,( -89.02743844998935 49.12476660614238 ), -54.90634895497103 , 2.399382858660564 , -54.85570989695467 , 6.899109838917924
1095685 ,( -89.02830112364497 49.18357828264747 ), -54.907954366616124 , 2.3954022396190457 , -54.85570989695467 , 6.899109838917924
1095686 ,( -89.02916277184453 49.24249442070148 ), -54.90959676300255 , 2.3665301037274653 , -54.85570989695467 , 6.899109838917924
1095687 ,( -89.03002339185434 49.30151517394575 ), -54.91127744056018 , 2.3286078671282096 , -54.85570989695467 , 6.899109838917924
1095688 ,( -89.03088298093425 49.36064069567963 ), -54.912997756997825 , 2.272854943272012 , -54.85570989695467 , 6.899109838917924
1095689 ,( -89.03174153633766 49.4198711388547 ), -54.91475913499336 , 2.2243072735930665 , -54.85570989695467 , 6.899109838917924
1095690 ,( -89.03259905531154 49.47920665606885 ), -54.91656306613281 , 2.174564259175888 , -54.85570989695467 , 6.899109838917924
1095691 ,( -89.03345553509641 49.53864739956034 ), -54.91841111515776 , 2.1235818966822126 , -54.85570989695467 , 6.899109838917924
1095692 ,( -89.03431097292636 49.59819352120185 ), -54.92030492444727 , 2.0624334391330317 , -54.85570989695467 , 6.899109838917924
1095693 ,( -89.03516536602906 49.65784517249447 ), -54.92224621893156 , 2.0356973337897255 , -54.85570989695467 , 6.899109838917924
1095694 ,( -89.0360187116257 49.71760250456168 ), -54.92423681134897 , 1.9991555798965661 , -54.85570989695467 , 6.899109838917924
1095695 ,( -89.03687100693107 49.77746566814324 ), -54.92627860789355 , 1.980103203567219 , -54.85570989695467 , 6.899109838917924
1095696 ,( -89.0377222491535 49.8374348135891 ), -54.928373614309294 , 1.941843823960943 , -54.85570989695467 , 6.899109838917924
1095697 ,( -89.03857243549494 49.89751009085318 ), -54.93052394250311 , 1.8836122605530665 , -54.85570989695467 , 6.899109838917924
1095698 ,( -89.03942156315084 49.95769164948722 ), -54.93273181758708 , 1.842992768395621 , -54.85570989695467 , 6.899109838917924
1095699 ,( -89.0402696293103 50.01797963863456 ), -54.93499958569996 , 1.801249170775886 , -54.85570989695467 , 6.899109838917924
1095700 ,( -89.04111663115593 50.07837420702378 ), -54.93732972222239 , 1.7484717340947433 , -54.85570989695467 , 6.899109838917924
1095701 ,( -89.04196256586395 50.13887550296244 ), -54.93972484087239 , 1.6841961720306255 , -54.85570989695467 , 6.899109838917924
1095702 ,( -89.04280743060419 50.19948367433069 ), -54.942187703448994 , 1.6180758539728386 , -54.85570989695467 , 6.899109838917924
1095703 ,( -89.04365122254 50.26019886857492 ), -54.94472123056204 , 1.5706124801902241 , -54.85570989695467 , 6.899109838917924
1095704 ,( -89.04449393882838 50.32102123270121 ), -54.94732851307863 , 1.5113021653506291 , -54.85570989695467 , 6.899109838917924
1095705 ,( -89.04533557661989 50.38195091326896 ), -54.95001282488659 , 1.4714058674960202 , -54.85570989695467 , 6.899109838917924
1095706 ,( -89.0461761330587 50.44298805638434 ), -54.952777636448964 , 1.4195340192269577 , -54.85570989695467 , 6.899109838917924
1095707 ,( -89.04701560528255 50.50413280769364 ), -54.95562662995163 , 1.3005339150740147 , -54.85570989695467 , 6.899109838917924
1095708 ,( -89.04785399042285 50.56538531237683 ), -54.95856371561159 , 1.2221792649581316 , -54.85570989695467 , 6.899109838917924
1095709 ,( -89.04869128560456 50.62674571514073 ), -54.96159304959979 , 1.1413340522857034 , -54.85570989695467 , 6.899109838917924
1095710 ,( -89.04952748794628 50.68821416021248 ), -54.96471905375393 , 1.0693255150461918 , -54.85570989695467 , 6.899109838917924
1095711 ,( -89.05036259456023 50.74979079133275 ), -54.96794643707633 , 1.006586023264513 , -54.85570989695467 , 6.899109838917924
1095712 ,( -89.05119660255224 50.81147575174895 ), -54.97128021948587 , 0.9772264756419492 , -54.85570989695467 , 6.899109838917924
1095713 ,( -89.05202950902178 50.87326918420847 ), -54.97472575784678 , 0.8987628699937557 , -54.85570989695467 , 6.899109838917924
1095714 ,( -89.05286131106196 50.93517123095181 ), -54.97828877482379 , 0.866513315046117 , -54.85570989695467 , 6.899109838917924
1095715 ,( -89.05369200575952 50.99718203370569 ), -54.98197539050505 , 0.8082355041971319 , -54.85570989695467 , 6.899109838917924
1095716 ,( -89.05452159019485 51.05930173367615 ), -54.98579215766723 , 0.8111849649634483 , -54.85570989695467 , 6.899109838917924
1095717 ,( -89.05535006144203 51.12153047154155 ), -54.98974610061398 , 0.8142168094449788 , -54.85570989695467 , 6.899109838917924
1095718 ,( -89.05617741656872 51.18386838744556 ), -54.99384475829929 , 0.8304616947641923 , -54.85570989695467 , 6.899109838917924
1095719 ,( -89.05700365263633 51.24631562099012 ), -54.998096232527764 , 0.8740297717285446 , -54.85570989695467 , 6.899109838917924
1095720 ,( -89.0578287666999 51.30887231122837 ), -55.00250924130283 , 0.8647292937579709 , -54.85570989695467 , 6.899109838917924
1095721 ,( -89.05865275580815 51.37153859665747 ), -55.00709317864671 , 0.8550425898873636 , -54.85570989695467 , 6.899109838917924
1095722 ,( -89.05947561700351 51.43431461521146 ), -55.011858181352125 , 0.7741257674380216 , -54.85570989695467 , 6.899109838917924
1095723 ,( -89.06029734732212 51.49720050425404 ), -55.016815203951616 , 0.5743063585988634 , -54.85570989695467 , 6.899109838917924
1095724 ,( -89.06111794379377 51.56019640057131 ), -55.02197610281028 , 0.29246777112900985 , -54.85570989695467 , 6.899109838917924
1095725 ,( -89.06193740344202 51.62330244036446 ), -55.027353730894085 , 0.08910153120926677 , -54.85570989695467 , 6.899109838917924
1095726 ,( -89.0627557232841 51.68651875924249 ), -55.03296204476157 , -0.07687591920096767 , -54.85570989695467 , 6.899109838917924
1095727 ,( -89.06357290033102 51.74984549221473 ), -55.038816225570066 , -0.12439308310485261 , -54.85570989695467 , 6.899109838917924
1095728 ,( -89.0643889315875 51.81328277368355 ), -55.04493281638571 , -0.07762712776424778 , -54.85570989695467 , 6.899109838917924
1095729 ,( -89.06520381405203 51.87683073743679 ), -55.05132987849373 , 0.05346845534977224 , -54.85570989695467 , 6.899109838917924
1095730 ,( -89.06601754471683 51.94048951664031 ), -55.058027169555714 , 0.24117413437601923 , -54.85570989695467 , 6.899109838917924
1095731 ,( -89.06683012056791 52.00425924383043 ), -55.06504634760835 , 0.4378685108072146 , -54.85570989695467 , 6.899109838917924
1095732 ,( -89.06764153858505 52.06814005090639 ), -55.07241120514067 , 0.6795214941766494 , -54.85570989695467 , 6.899109838917924
1095733 ,( -89.06845179574184 52.13213206912268 ), -55.080147938771134 , 0.8971238160508764 , -54.85570989695467 , 6.899109838917924
1095734 ,( -89.06926088900562 52.19623542908136 ), -55.08828546062049 , 1.033110118524839 , -54.85570989695467 , 6.899109838917924
1095735 ,( -89.07006881533758 52.26045026072445 ), -55.09685575960267 , 1.1572251862724467 , -54.85570989695467 , 6.899109838917924
1095736 ,( -89.07087557169274 52.32477669332609 ), -55.105894322016574 , 1.170602644722223 , -54.85570989695467 , 6.899109838917924
1095737 ,( -89.07168115501992 52.38921485548477 ), -55.11544062263972 , 1.164564621788197 , -54.85570989695467 , 6.899109838917924
1095738 ,( -89.0724855622618 52.45376487511556 ), -55.12553870156539 , 1.1167138559337697 , -54.85570989695467 , 6.899109838917924
1095739 ,( -89.07328879035492 52.51842687944218 ), -55.13623784370969 , 1.065972515052531 , -54.85570989695467 , 6.899109838917924
1095740 ,( -89.0740908362297 52.58320099498912 ), -55.147593383527 , 1.0340600872884982 , -54.85570989695467 , 6.899109838917924
1095741 ,( -89.0748916968104 52.64808734757369 ), -55.15966766252578 , 1.0454479128332421 , -54.85570989695467 , 6.899109838917924
1095742 ,( -89.07569136901522 52.71308606229805 ), -55.17253117475246 , 1.1043819107456938 , -54.85570989695467 , 6.899109838917924
1095743 ,( -89.07648984975624 52.77819726354114 ), -55.186263944462944 , 1.1672524858925006 , -54.85570989695467 , 6.899109838917924
1095744 ,( -89.07728713593947 52.84342107495063 ), -55.200957192780066 , 1.2094137243269436 , -54.85570989695467 , 6.899109838917924
1095745 ,( -89.07808322446486 52.90875761943487 ), -55.21671536714091 , 1.1507129579532969 , -54.85570989695467 , 6.899109838917924
1095746 ,( -89.07887811222629 52.9742070191546 ), -55.23365862840359 , 1.24921209764539 , -54.85570989695467 , 6.899109838917924
1095747 ,( -89.07967179611164 53.03976939551494 ), -55.25192592131741 , 1.2433704716680718 , -54.85570989695467 , 6.899109838917924
1095748 ,( -89.08046427300273 53.10544486915702 ), -55.27167879402673 , 1.2078644309355873 , -54.85570989695467 , 6.899109838917924
1095749 ,( -89.08125553977537 53.17123355994975 ), -55.293106189286696 , 1.1692905121047106 , -54.85570989695467 , 6.899109838917924
1095750 ,( -89.08204559329943 53.23713558698158 ), -55.316430508117335 , 1.158958234958629 , -54.85570989695467 , 6.899109838917924
1095751 ,( -89.08283443043872 53.30315106855205 ), -55.341915358643085 , 1.1476072510111754 , -54.85570989695467 , 6.899109838917924
1095752 ,( -89.08362204805117 53.36928012216345 ), -55.36987556295352 , 0.9958881920885323 , -54.85570989695467 , 6.899109838917924
1095753 ,( -89.08440844298872 53.43552286451242 ), -55.4006902289422 , 0.828593331473001 , -54.85570989695467 , 6.899109838917924
1095754 ,( -89.08519361209738 53.50187941148145 ), -55.434820040871266 , 0.6046557136214386 , -54.85570989695467 , 6.899109838917924
1095755 ,( -89.08597755221727 53.56834987813037 ), -55.472830447661075 , 0.27365595762849937 , -54.85570989695467 , 6.899109838917924
1095756 ,( -89.08676026018261 53.63493437868782 ), -55.515423237225086 , -0.09735453052607043 , -54.85570989695467 , 6.899109838917924
1095757 ,( -89.08754173282175 53.70163302654269 ), -55.56348026110528 , -0.4240886381553106 , -54.85570989695467 , 6.899109838917924
1095758 ,( -89.08832196695714 53.76844593423544 ), -55.618125139295145 , -0.5500493193798325 , -54.85570989695467 , 6.899109838917924
1095759 ,( -89.08910095940541 53.83537321344949 ), -55.680812202916385 , -0.48367279434903043 , -54.85570989695467 , 6.899109838917924
1095760 ,( -89.0898787069774 53.90241497500252 ), -55.7534578165525 , -0.17911160648495492 , -54.85570989695467 , 6.899109838917924
1095761 ,( -89.09065520647812 53.9695713288377 ), -55.83863966759741 , -0.007642017695469384 , -54.85570989695467 , 6.899109838917924
1095762 ,( -89.09143045470677 54.03684238401493 ), -55.939908928489146 , 0.1283980048434881 , -54.85570989695467 , 6.899109838917924
1095763 ,( -89.09220444845681 54.10422824870205 ), -56.06229763920097 , -0.006323264322789727 , -54.85570989695467 , 6.899109838917924
1095764 ,( -89.09297718451597 54.17172903016596 ), -56.21318028083545 , -0.08911421124101417 , -54.85570989695467 , 6.899109838917924
1095765 ,( -89.09374865966622 54.23934483476373 ), -56.40381589296684 , -0.09944806764692499 , -54.85570989695467 , 6.899109838917924
1095766 ,( -89.09451887068383 54.30707576793371 ), -56.65229269673228 , -0.22188564434278613 , -54.85570989695467 , 6.899109838917924
1096943 ,( -89.01075614531096 48.1348805112671 ), -54.34504181934483 , 2.664046740145613 , -54.85570989695467 , 6.899109838917924
1096944 ,( -89.01163594196395 48.19182735143534 ), -54.34105895949892 , 2.636391865019482 , -54.85570989695467 , 6.899109838917924
1096945 ,( -89.01251476068038 48.24887561346677 ), -54.33699985809419 , 2.5808468846317023 , -54.85570989695467 , 6.899109838917924
1096946 ,( -89.01339259884604 48.30602545513469 ), -54.332862307209325 , 2.524211239635344 , -54.85570989695467 , 6.899109838917924
1096947 ,( -89.01426945384031 48.36327703396633 ), -54.328644012840954 , 2.5152520048294758 , -54.85570989695467 , 6.899109838917924
1096948 ,( -89.0151453230362 48.42063050723755 ), -54.32434259067224 , 2.5201825369381443 , -54.85570989695467 , 6.899109838917924
1096949 ,( -89.01602020380031 48.47808603196778 ), -54.3199555615885 , 2.5180883568213206 , -54.85570989695467 , 6.899109838917924
1096950 ,( -89.01689409349285 48.53564376491476 ), -54.31548034688554 , 2.5015765766278277 , -54.85570989695467 , 6.899109838917924
1096951 ,( -89.01776698946765 48.59330386256926 ), -54.31091426325406 , 2.4992242387581927 , -54.85570989695467 , 6.899109838917924
1096952 ,( -89.0186388890721 48.6510664811498 ), -54.30625451740821 , 2.4968101152957534 , -54.85570989695467 , 6.899109838917924
1096953 ,( -89.01950978964722 48.70893177659736 ), -54.30149820039734 , 2.5017366160646772 , -54.85570989695467 , 6.899109838917924
1096954 ,( -89.02037968852761 48.76689990456995 ), -54.29664228153625 , 2.4917887516887496 , -54.85570989695467 , 6.899109838917924
1096955 ,( -89.0212485830415 48.82497102043723 ), -54.29168360199703 , 2.4816163600535712 , -54.85570989695467 , 6.899109838917924
1096956 ,( -89.02211647051067 48.88314527927508 ), -54.286618867955134 , 2.4712122386975777 , -54.85570989695467 , 6.899109838917924
1096957 ,( -89.02298334825052 48.94142283586007 ), -54.28144464330071 , 2.4837426139537024 , -54.85570989695467 , 6.899109838917924
1096958 ,( -89.02384921357003 48.99980384466401 ), -54.27615734186245 , 2.4496784232973523 , -54.85570989695467 , 6.899109838917924
1096959 ,( -89.0247140637718 49.05828845984833 ), -54.27075321912689 , 2.4148455696896263 , -54.85570989695467 , 6.899109838917924
1096960 ,( -89.02557789615197 49.11687683525852 ), -54.26522836341975 , 2.3872026669410054 , -54.85570989695467 , 6.899109838917924
1096961 ,( -89.02644070800035 49.17556912441847 ), -54.25957868645992 , 2.391217978513661 , -54.85570989695467 , 6.899109838917924
1096962 ,( -89.02730249660026 49.23436548052484 ), -54.25379991326307 , 2.3463085598090347 , -54.85570989695467 , 6.899109838917924
1096963 ,( -89.02816325922866 49.29326605644126 ), -54.24788757141634 , 2.3168672505784857 , -54.85570989695467 , 6.899109838917924
1096964 ,( -89.02902299315609 49.3522710046927 ), -54.24183697945735 , 2.244925857897854 , -54.85570989695467 , 6.899109838917924
1096965 ,( -89.0298816956467 49.4113804774596 ), -54.23564323461771 , 2.222012236106961 , -54.85570989695467 , 6.899109838917924
1096966 ,( -89.0307393639582 49.47059462657204 ), -54.22930119951703 , 2.1642932967703046 , -54.85570989695467 , 6.899109838917924
1096967 ,( -89.03159599534193 49.52991360350394 ), -54.22280548796017 , 2.113820277845442 , -54.85570989695467 , 6.899109838917924
1096968 ,( -89.0324515870428 49.58933755936707 ), -54.21615044977376 , 2.0796326465683133 , -54.85570989695467 , 6.899109838917924
1096969 ,( -89.03330613629932 49.64886664490518 ), -54.20933015430933 , 2.0445784578200565 , -54.85570989695467 , 6.899109838917924
1096970 ,( -89.0341596403436 49.70850101048795 ), -54.20233837292113 , 2.0356018758207894 , -54.85570989695467 , 6.899109838917924
1096971 ,( -89.03501209640137 49.76824080610505 ), -54.19516855996977 , 2.008166336696871 , -54.85570989695467 , 6.899109838917924
1096972 ,( -89.03586350169195 49.82808618135999 ), -54.187813832414754 , 1.9707808313682151 , -54.85570989695467 , 6.899109838917924
1096973 ,( -89.03671385342824 49.88803728546409 ), -54.18026694775126 , 1.9230542229824754 , -54.85570989695467 , 6.899109838917924
1096974 ,( -89.03756314881677 49.9480942672303 ), -54.172520280290556 , 1.8551042513503233 , -54.85570989695467 , 6.899109838917924
1096975 ,( -89.03841138505769 50.00825727506701 ), -54.1645657954492 , 1.8428941675436439 , -54.85570989695467 , 6.899109838917924
1096976 ,( -89.0392585593447 50.06852645697188 ), -54.15639502194745 , 1.7816935996519596 , -54.85570989695467 , 6.899109838917924
1096977 ,( -89.0401046688652 50.12890196052557 ), -54.147999021807536 , 1.7385100033626855 , -54.85570989695467 , 6.899109838917924
1096978 ,( -89.04094971080015 50.18938393288537 ), -54.13936835768148 , 1.6840980852271104 , -54.85570989695467 , 6.899109838917924
1096979 ,( -89.04179368232413 50.24997252077896 ), -54.1304930575316 , 1.5774033498218631 , -54.85570989695467 , 6.899109838917924
1096980 ,( -89.04263658060538 50.31066787049799 ), -54.12136257623024 , 1.5396452157097495 , -54.85570989695467 , 6.899109838917924
1096981 ,( -89.04347840280572 50.37147012789165 ), -54.111965753734445 , 1.4694428453820505 , -54.85570989695467 , 6.899109838917924
1096982 ,( -89.04431914608062 50.43237943836021 ), -54.10229076966644 , 1.439522508472117 , -54.85570989695467 , 6.899109838917924
1096983 ,( -89.04515880757921 50.49339594684857 ), -54.09232509373273 , 1.3979275481029991 , -54.85570989695467 , 6.899109838917924
1096984 ,( -89.04599738444422 50.55451979783965 ), -54.08205543157676 , 1.3004427473046787 , -54.85570989695467 , 6.899109838917924
1096985 ,( -89.04683487381205 50.61575113534791 ), -54.07146766567385 , 1.199910500109131 , -54.85570989695467 , 6.899109838917924
1096986 ,( -89.04767127281272 50.67709010291262 ), -54.06054679061926 , 1.1412483640436308 , -54.85570989695467 , 6.899109838917924
1096987 ,( -89.04850657856993 50.73853684359127 ), -54.049276842213075 , 1.0692423550071628 , -54.85570989695467 , 6.899109838917924
1096988 ,( -89.04934078820102 50.80009149995288 ), -54.03764081965895 , 1.0297686844570992 , -54.85570989695467 , 6.899109838917924
1096989 ,( -89.05017389881702 50.86175421407123 ), -54.02562059999824 , 0.9653208061676593 , -54.85570989695467 , 6.899109838917924
1096990 ,( -89.0510059075226 50.92352512751808 ), -54.013196844038234 , 0.8986850134171316 , -54.85570989695467 , 6.899109838917924
1096991 ,( -89.05183681141608 50.98540438135637 ), -54.00034889248994 , 0.8297493489345824 , -54.85570989695467 , 6.899109838917924
1096992 ,( -89.05266660758954 51.04739211613337 ), -53.98705465153773 , 0.7957187108756241 , -54.85570989695467 , 6.899109838917924
1096993 ,( -89.05349529312869 51.10948847187374 ), -53.97329046597682 , 0.7731228833282996 , -54.85570989695467 , 6.899109838917924
1096994 ,( -89.05432286511292 51.17169358807264 ), -53.95903097890906 , 0.7625793742832563 , -54.85570989695467 , 6.899109838917924
1096995 ,( -89.05514932061537 51.2340076036887 ), -53.94424897589731 , 0.7516253413242545 , -54.85570989695467 , 6.899109838917924
1096996 ,( -89.05597465670284 51.29643065713707 ), -53.928915211719875 , 0.7937185048565205 , -54.85570989695467 , 6.899109838917924
1096997 ,( -89.0567988704359 51.35896288628224 ), -53.912998217330674 , 0.8101382351176875 , -54.85570989695467 , 6.899109838917924
1096998 ,( -89.05762195886876 51.42160442843109 ), -53.896464084465606 , 0.7993924353719959 , -54.85570989695467 , 6.899109838917924
1096999 ,( -89.05844391904944 51.48435542032562 ), -53.8792762245993 , 0.7457068123065965 , -54.85570989695467 , 6.899109838917924
1097000 ,( -89.05926474801963 51.54721599813583 ), -53.86139509880713 , 0.5886824686009784 , -54.85570989695467 , 6.899109838917924
1097001 ,( -89.06008444281484 51.6101862974525 ), -53.842777914315015 , 0.4104102483878629 , -54.85570989695467 , 6.899109838917924
1097002 ,( -89.06090300046425 51.67326645327991 ), -53.82337828277252 , 0.16437569978444366 , -54.85570989695467 , 6.899109838917924
1097003 ,( -89.06172041799088 51.73645660002851 ), -53.803145834540445 , 0.07694539252466095 , -54.85570989695467 , 6.899109838917924
1097004 ,( -89.06253669241147 51.79975687150764 ), -53.78202578220565 , 0.03280845959883851 , -54.85570989695467 , 6.899109838917924
1097005 ,( -89.06335182073654 51.86316740091808 ), -53.75995842552111 , 0.08309274322975296 , -54.85570989695467 , 6.899109838917924
1097006 ,( -89.06416579997044 51.92668832084469 ), -53.736878588123375 , 0.23429363817349608 , -54.85570989695467 , 6.899109838917924
1097007 ,( -89.06497862711129 51.99031976324888 ), -53.71271497498899 , 0.35890724415694486 , -54.85570989695467 , 6.899109838917924
1097008 ,( -89.065790299151 52.05406185946116 ), -53.68738943720161 , 0.5411632026622618 , -54.85570989695467 , 6.899109838917924
1097009 ,( -89.06660081307537 52.11791474017352 ), -53.66081612828055 , 0.7500035825700786 , -54.85570989695467 , 6.899109838917924
1097010 ,( -89.06741016586395 52.18187853543196 ), -53.63290053245082 , 0.9331441095323739 , -54.85570989695467 , 6.899109838917924
1097011 ,( -89.06821835449017 52.24595337462873 ), -53.60353834233285 , 1.070030251497785 , -54.85570989695467 , 6.899109838917924
1097012 ,( -89.06902537592133 52.31013938649478 ), -53.57261415726002 , 1.1760387215324677 , -54.85570989695467 , 6.899109838917924
1097013 ,( -89.06983122711854 52.37443669909197 ), -53.53999996847401 , 1.1899206683298775 , -54.85570989695467 , 6.899109838917924
1097014 ,( -89.07063590503685 52.43884543980535 ), -53.505553389379074 , 1.1844195539955424 , -54.85570989695467 , 6.899109838917924
1097015 ,( -89.07143940662515 52.50336573533541 ), -53.469115578707125 , 1.1164389499545115 , -54.85570989695467 , 6.899109838917924
1097016 ,( -89.07224172882623 52.56799771169019 ), -53.43050879349311 , 1.0230432170080457 , -54.85570989695467 , 6.899109838917924
1097017 ,( -89.0730428685768 52.63274149417744 ), -53.38953349173203 , 0.9898131632761726 , -54.85570989695467 , 6.899109838917924
1097018 ,( -89.07384282280753 52.69759720739675 ), -53.3459648856064 , 0.9997890121320006 , -54.85570989695467 , 6.899109838917924
1097019 ,( -89.07464158844299 52.76256497523151 ), -53.299548819251974 , 1.0806205960156674 , -54.85570989695467 , 6.899109838917924
1097020 ,( -89.07543916240166 52.82764492084102 ), -53.249996811975464 , 1.0942464134840622 , -54.85570989695467 , 6.899109838917924
1097021 ,( -89.07623554159608 52.89283716665242 ), -53.19698006263744 , 1.1338294729252865 , -54.85570989695467 , 6.899109838917924
1097022 ,( -89.07703072293269 52.95814183435261 ), -53.14012215214223 , 1.0983533661521814 , -54.85570989695467 , 6.899109838917924
1097023 ,( -89.07782470331196 53.02355904488019 ), -53.078990101932774 , 1.1948324155805787 , -54.85570989695467 , 6.899109838917924
1097024 ,( -89.07861747962835 53.08908891841725 ), -53.01308333990964 , 1.2148342271090384 , -54.85570989695467 , 6.899109838917924
1097025 ,( -89.07940904877033 53.15473157438124 ), -52.94181997893634 , 1.1199150212080047 , -54.85570989695467 , 6.899109838917924
1097026 ,( -89.08019940762046 53.22048713141674 ), -52.86451961294412 , 1.138323468977132 , -54.85570989695467 , 6.899109838917924
1098220 ,( -89.0097734583179 48.18581745246306 ), -53.807568524324374 , 2.6771444336560073 , -54.85570989695467 , 6.899109838917924
1098221 ,( -89.01065238092326 48.24275297762266 ), -53.79849678903041 , 2.6428438655957844 , -54.85570989695467 , 6.899109838917924
1098222 ,( -89.01153032501122 48.2997897027874 ), -53.78925154256774 , 2.6010367603927316 , -54.85570989695467 , 6.899109838917924
1098223 ,( -89.01240728797121 48.35692778466804 ), -53.77982776171604 , 2.5584066763509576 , -54.85570989695467 , 6.899109838917924
1098224 ,( -89.01328326718634 48.41416737972643 ), -53.77022022750134 , 2.5218996445265565 , -54.85570989695467 , 6.899109838917924
1098225 ,( -89.0141582600333 48.4715086441703 ), -53.760423515543884 , 2.519853219156215 , -54.85570989695467 , 6.899109838917924
1098226 ,( -89.01503226388246 48.52895173394818 ), -53.75043198586575 , 2.5106441331199996 , -54.85570989695467 , 6.899109838917924
1098227 ,( -89.01590527609783 48.58649680474412 ), -53.74023977206186 , 2.479695420199819 , -54.85570989695467 , 6.899109838917924
1098228 ,( -89.01677729403701 48.64414401197249 ), -53.72984076984035 , 2.4553575448088365 , -54.85570989695467 , 6.899109838917924
1098229 ,( -89.0176483150513 48.70189351077271 ), -53.71922862482542 , 2.4524906873482717 , -54.85570989695467 , 6.899109838917924
1098230 ,( -89.0185183364856 48.7597454560039 ), -53.70839671962887 , 2.464358283748719 , -54.85570989695467 , 6.899109838917924
1098231 ,( -89.0193873556784 48.81770000223952 ), -53.69733816010218 , 2.446535267448948 , -54.85570989695467 , 6.899109838917924
1098232 ,( -89.02025536996189 48.87575730376203 ), -53.68604576070289 , 2.4434420124694842 , -54.85570989695467 , 6.899109838917924
1098233 ,( -89.02112237666184 48.93391751455741 ), -53.67451202895594 , 2.4402684318370946 , -54.85570989695467 , 6.899109838917924
1098234 ,( -89.02198837309766 48.99218078830972 ), -53.66272914887658 , 2.4524594355577904 , -54.85570989695467 , 6.899109838917924
1098235 ,( -89.0228533565824 49.05054727839558 ), -53.650688963349 , 2.425861500697699 , -54.85570989695467 , 6.899109838917924
1098236 ,( -89.02371732442273 49.10901713787865 ), -53.63838295524763 , 2.382870780833724 , -54.85570989695467 , 6.899109838917924
1098237 ,( -89.02458027391893 49.16759051950405 ), -53.625802227424096 , 2.3708365433049132 , -54.85570989695467 , 6.899109838917924
1098238 ,( -89.02544220236493 49.22626757569268 ), -53.61293748126993 , 2.35851541064241 , -54.85570989695467 , 6.899109838917924
1098239 ,( -89.02630310704828 49.28504845853566 ), -53.59977899377435 , 2.2805677835635363 , -54.85570989695467 , 6.899109838917924
1098240 ,( -89.02716298525014 49.3439333197886 ), -53.58631659305121 , 2.2503649496321865 , -54.85570989695467 , 6.899109838917924
1098241 ,( -89.02802183424534 49.40292231086582 ), -53.5725396321796 , 2.194364720552162 , -54.85570989695467 , 6.899109838917924
1098242 ,( -89.02887965130226 49.46201558283465 ), -53.55843696107574 , 2.170851246947938 , -54.85570989695467 , 6.899109838917924
1098243 ,( -89.029736433683 49.52121328640959 ), -53.54399689649324 , 2.1296405010801336 , -54.85570989695467 , 6.899109838917924
1098244 ,( -89.03059217864323 49.58051557194645 ), -53.52920718973343 , 2.0874135177486126 , -54.85570989695467 , 6.899109838917924
1098245 ,( -89.03144688343227 49.63992258943648 ), -53.5140549920126 , 2.052902756235607 , -54.85570989695467 , 6.899109838917924
1098246 ,( -89.03230054529307 49.69943448850048 ), -53.49852681729361 , 2.044154149794447 , -54.85570989695467 , 6.899109838917924
1098247 ,( -89.03315316146221 49.75905141838275 ), -53.482608502274566 , 2.026178550911524 , -54.85570989695467 , 6.899109838917924
1098248 ,( -89.03400472916991 49.8187735279452 ), -53.46628516334935 , 1.9986231953219924 , -54.85570989695467 , 6.899109838917924
1098249 ,( -89.03485524564003 49.87860096566119 ), -53.449541150218124 , 1.9518938965732457 , -54.85570989695467 , 6.899109838917924
1098250 ,( -89.03570470809007 49.93853387960957 ), -53.432359995895794 , 1.9132683598770082 , -54.85570989695467 , 6.899109838917924
1098251 ,( -89.03655311373116 49.99857241746844 ), -53.414724362766 , 1.8641338162607002 , -54.85570989695467 , 6.899109838917924
1098252 ,( -89.0374004597681 50.05871672650913 ), -53.3966159842306 , 1.8232567463451241 , -54.85570989695467 , 6.899109838917924
1098253 ,( -89.03824674339928 50.11896695358986 ), -53.378015601695814 , 1.7715228985751157 , -54.85570989695467 , 6.899109838917924
1098254 ,( -89.03909196181682 50.17932324514963 ), -53.358902896335785 , 1.70848198318316 , -54.85570989695467 , 6.899109838917924
1098255 ,( -89.03993611220645 50.23978574720184 ), -53.33925641507944 , 1.6636556374867162 , -54.85570989695467 , 6.899109838917924
1098256 ,( -89.04077919174755 50.30035460532807 ), -53.31905349040302 , 1.5972563941079476 , -54.85570989695467 , 6.899109838917924
1098257 ,( -89.04162119761315 50.36102996467163 ), -53.2982701531396 , 1.5186382006692531 , -54.85570989695467 , 6.899109838917924
1098258 ,( -89.04246212697 50.42181196993128 ), -53.276881037746385 , 1.4690178545231012 , -54.85570989695467 , 6.899109838917924
1098259 ,( -89.04330197697846 50.48270076535467 ), -53.25485927914092 , 1.417907835934852 , -54.85570989695467 , 6.899109838917924
1098260 ,( -89.04414074479259 50.54369649473198 ), -53.23217640021607 , 1.343735884432408 , -54.85570989695467 , 6.899109838917924
1098261 ,( -89.04497842756011 50.60479930138931 ), -53.2088021891361 , 1.2672782112100696 , -54.85570989695467 , 6.899109838917924
1098262 ,( -89.04581502242245 50.66600932818225 ), -53.18470456527127 , 1.199515623069589 , -54.85570989695467 , 6.899109838917924
1098263 ,( -89.04665052651468 50.72732671748913 ), -53.15984943241613 , 1.1295984252607076 , -54.85570989695467 , 6.899109838917924
1098264 ,( -89.04748493696562 50.78875161120456 ), -53.134200518049674 , 1.0688654435124925 , -54.85570989695467 , 6.899109838917924
1098265 ,( -89.04831825089774 50.85028415073261 ), -53.10771919690698 , 1.029393217675463 , -54.85570989695467 , 6.899109838917924
1098266 ,( -89.0491504654272 50.91192447698019 ), -53.08036429714475 , 0.9531356227710392 , -54.85570989695467 , 6.899109838917924
1098267 ,( -89.04998157766393 50.97367273035029 ), -53.05209188700645 , 0.8622752956572614 , -54.85570989695467 , 6.899109838917924
1098268 ,( -89.05081158471151 51.03552905073513 ), -53.022855039756095 , 0.7682881451521029 , -54.85570989695467 , 6.899109838917924
1098269 ,( -89.05164048366727 51.09749357750941 ), -52.992603573980524 , 0.7705083907325283 , -54.85570989695467 , 6.899109838917924
1098270 ,( -89.05246827162227 51.15956644952338 ), -52.96128376667717 , 0.7348141344322809 , -54.85570989695467 , 6.899109838917924
1098271 ,( -89.05329494566129 51.22174780509597 ), -52.928838035250514 , 0.6978122109938518 , -54.85570989695467 , 6.899109838917924
1098272 ,( -89.05412050286284 51.2840377820078 ), -52.89520458465499 , 0.6987914154840913 , -54.85570989695467 , 6.899109838917924
1098273 ,( -89.05494494029921 51.34643651749423 ), -52.86031701527043 , 0.7532401733439053 , -54.85570989695467 , 6.899109838917924
1099497 ,( -89.00878999043437 48.23665335056869 ), -53.27026387427417 , 2.683284923495525 , -54.85570989695467 , 6.899109838917924
1099498 ,( -89.00966804003481 48.2935774037642 ), -53.25610809863608 , 2.642275450282336 , -54.85570989695467 , 6.899109838917924
1099499 ,( -89.01054511054232 48.35060243535064 ), -53.241681728801666 , 2.60730084119241 , -54.85570989695467 , 6.899109838917924
1099500 ,( -89.01142119935002 48.40772860098132 ), -53.22697693536744 , 2.5647354312325694 , -54.85570989695467 , 6.899109838917924
1099501 ,( -89.01229630384469 48.46495605605784 ), -53.21198558398675 , 2.5143558404508823 , -54.85570989695467 , 6.899109838917924
1099502 ,( -89.01317042140677 48.52228495572498 ), -53.19669922041869 , 2.505192904857336 , -54.85570989695467 , 6.899109838917924
1099503 ,( -89.01404354941039 48.57971545486555 ), -53.18110905463483 , 2.488727018248985 , -54.85570989695467 , 6.899109838917924
1099504 ,( -89.01491568522334 48.6372477080952 ), -53.16520594399827 , 2.4503794699381034 , -54.85570989695467 , 6.899109838917924
1099505 ,( -89.01578682620709 48.69488186975717 ), -53.14898037540465 , 2.425743139342637 , -54.85570989695467 , 6.899109838917924
1099506 ,( -89.01665696971675 48.75261809391705 ), -53.13242244632236 , 2.407914267560925 , -54.85570989695467 , 6.899109838917924
1099507 ,( -89.01752611310111 48.81045653435749 ), -53.11552184465775 , 2.404507401898526 , -54.85570989695467 , 6.899109838917924
1099508 ,( -89.01839425370264 48.8683973445728 ), -53.098267827404655 , 2.386055024969637 , -54.85570989695467 , 6.899109838917924
1099509 ,( -89.01926138885744 48.92644067776364 ), -53.080649197861895 , 2.404994139934356 , -54.85570989695467 , 6.899109838917924
1099510 ,( -89.02012751589531 48.98458668683158 ), -53.06265428144818 , 2.4014039158502536 , -54.85570989695467 , 6.899109838917924
1099511 ,( -89.02099263213967 49.04283552437365 ), -53.04427089995335 , 2.4054438806038396 , -54.85570989695467 , 6.899109838917924
1099512 ,( -89.02185673490763 49.10118734267685 ), -53.02548634408848 , 2.3783310381683163 , -54.85570989695467 , 6.899109838917924
1099513 ,( -89.02271982150995 49.15964229371264 ), -53.00628734420385 , 2.3584971832609676 , -54.85570989695467 , 6.899109838917924
1099514 ,( -89.02358188925105 49.21820052913134 ), -52.98666003909463 , 2.3382052502493496 , -54.85570989695467 , 6.899109838917924
1099515 ,( -89.02444293542901 49.27686220025659 ), -52.96658994268107 , 2.244790888000882 , -54.85570989695467 , 6.899109838917924
1099516 ,( -89.02530295733557 49.33562745807967 ), -52.94606190837766 , 2.214539543100527 , -54.85570989695467 , 6.899109838917924
1099517 ,( -89.02616195225615 49.39449645325381 ), -52.92506009105186 , 2.2083513378026125 , -54.85570989695467 , 6.899109838917924
1099518 ,( -89.02701991746981 49.45346933608852 ), -52.90356790630617 , 2.168579100432917 , -54.85570989695467 , 6.899109838917924
1099519 ,( -89.02787685024927 49.51254625654382 ), -52.88156798683783 , 2.1024827549681064 , -54.85570989695467 , 6.899109838917924
1099520 ,( -89.02873274786093 49.57172736422445 ), -52.859042135730064 , 2.094683819444516 , -54.85570989695467 , 6.899109838917924